[
  {
    "model": "Lab3App.Topic",
    "pk": 1,
    "fields": {
      "name": "Economics",
      "length": "12"
    }
  },
  {
    "model": "Lab3App.Topic",
    "pk": 3,
    "fields": {
      "name": "IT Certification",
      "length": "14"
    }
  },
  {
    "model": "Lab3App.Topic",
    "pk": 5,
    "fields": {
      "name": "Web Development",
      "length": "10"
    }
  },
  {"model": "Lab3App.order", "pk": 4, "fields": {"order_status": 1, "student": 2, "courses": [4, 8]}}, {"model": "Lab3App.order", "pk": 5, "fields": {"order_status": 1, "student": 4, "courses": [2]}}, {"model": "Lab3App.order", "pk": 6, "fields": {"order_status": 1, "student": 6, "courses": [5, 11]}}, {"model": "Lab3App.order", "pk": 7, "fields": {"order_status": 1, "student": 3, "courses": []}}, {"model": "Lab3App.order", "pk": 8, "fields": {"order_status": 1, "student": 4, "courses": []}}, {"model": "Lab3App.order", "pk": 9, "fields": {"order_status": 2, "student": 6, "courses": []}}, {"model": "Lab3App.order", "pk": 10, "fields": {"order_status": 1, "student": 2, "courses": [1, 2]}}, {"model": "Lab3App.order", "pk": 11, "fields": {"order_status": 1, "student": 4, "courses": [4]}}, {"model": "Lab3App.order", "pk": 12, "fields": {"order_status": 0, "student": 5, "courses": [6, 7]}}, {"model": "Lab3App.order", "pk": 13, "fields": {"order_status": 1, "student": 2, "courses": [1, 2, 3, 4]}}, {"model": "Lab3App.order", "pk": 14, "fields": {"order_status": 1, "student": 3, "courses": [1, 2]}}, {"model": "Lab3App.order", "pk": 15, "fields": {"order_status": 1, "student": 4, "courses": [1, 2]}}, {"model": "Lab3App.order", "pk": 16, "fields": {"order_status": 1, "student": 5, "courses": [1, 2, 9]}}, {"model": "Lab3App.order", "pk": 17, "fields": {"order_status": 1, "student": 6, "courses": [2]}}, {"model": "Lab3App.order", "pk": 18, "fields": {"order_status": 1, "student": 3, "courses": [1, 2]}}, {"model": "Lab3App.order", "pk": 19, "fields": {"order_status": 2, "student": 6, "courses": [12, 13]}}, {"model": "Lab3App.order", "pk": 20, "fields": {"order_status": 0, "student": 6, "courses": [5, 12, 13]}},
  {"model": "Lab3App.student", "pk": 2, "fields": {"level": "HS", "address": "123 University avenue", "province": "ON", "student_Img": "", "registered_courses": [1, 2, 3, 4, 8], "interested_in": [1, 2, 3]}}, {"model": "Lab3App.student", "pk": 3, "fields": {"level": "UG", "address": "235 Sunset Avenue", "province": "BC", "student_Img": "", "registered_courses": [1, 2], "interested_in": [2, 5]}}, {"model": "Lab3App.student", "pk": 4, "fields": {"level": "ND", "address": "306 Prince street", "province": "AB", "student_Img": "", "registered_courses": [1, 2, 4], "interested_in": [2, 3, 4]}}, {"model": "Lab3App.student", "pk": 5, "fields": {"level": "PG", "address": "442 Sunset Avenue", "province": "QC", "student_Img": "", "registered_courses": [1, 2, 9], "interested_in": [3, 4, 5]}}, {"model": "Lab3App.student", "pk": 6, "fields": {"level": "HS", "address": "987 King street", "province": "ON", "student_Img": "images/Screenshot_259.png", "registered_courses": [2, 5, 11], "interested_in": [1]}}, {"model": "Lab3App.student", "pk": 7, "fields": {"level": "HS", "address": "", "province": "ON", "student_Img": "", "registered_courses": [13, 14], "interested_in": []}}, {"model": "Lab3App.student", "pk": 8, "fields": {"level": "HS", "address": "", "province": "ON", "student_Img": "", "registered_courses": [], "interested_in": [2]}},
  {"model": "Lab3App.course", "pk": 1, "fields": {"title": "CCNA", "topic": 3, "price": "199.99", "for_everyone": false, "description": "", "num_reviews": 0}}, {"model": "Lab3App.course", "pk": 2, "fields": {"title": "AWS", "topic": 3, "price": "119.99", "for_everyone": true, "description": "", "num_reviews": 0}}, {"model": "Lab3App.course", "pk": 3, "fields": {"title": "CompTIA Security", "topic": 3, "price": "139.99", "for_everyone": false, "description": "", "num_reviews": 1}}, {"model": "Lab3App.course", "pk": 4, "fields": {"title": "Oracle SQL", "topic": 3, "price": "159.99", "for_everyone": false, "description": "", "num_reviews": 4}}, {"model": "Lab3App.course", "pk": 5, "fields": {"title": "Microeconomics", "topic": 5, "price": "199.99", "for_everyone": false, "description": "", "num_reviews": 0}}, {"model": "Lab3App.course", "pk": 6, "fields": {"title": "Introduction to Economics", "topic": 5, "price": "174.99", "for_everyone": true, "description": "", "num_reviews": 0}}, {"model": "Lab3App.course", "pk": 7, "fields": {"title": "Global Economics", "topic": 5, "price": "149.99", "for_everyone": true, "description": "", "num_reviews": 0}}, {"model": "Lab3App.course", "pk": 8, "fields": {"title": "Web Dev Bootcamp", "topic": 1, "price": "199.99", "for_everyone": true, "description": "", "num_reviews": 0}}, {"model": "Lab3App.course", "pk": 9, "fields": {"title": "Web Design", "topic": 1, "price": "159.99", "for_everyone": false, "description": "", "num_reviews": 0}}, {"model": "Lab3App.course", "pk": 10, "fields": {"title": "Web Development Mastercalss", "topic": 1, "price": "124.99", "for_everyone": true, "description": "", "num_reviews": 0}}, {"model": "Lab3App.course", "pk": 11, "fields": {"title": "Build Responsive Websites", "topic": 1, "price": "149.99", "for_everyone": false, "description": "", "num_reviews": 0}}, {"model": "Lab3App.course", "pk": 12, "fields": {"title": "Innovation for Business", "topic": 2, "price": "174.99", "for_everyone": true, "description": "", "num_reviews": 0}}, {"model": "Lab3App.course", "pk": 13, "fields": {"title": "Leadership Skills", "topic": 2, "price": "166.49", "for_everyone": true, "description": "", "num_reviews": 1}}, {"model": "Lab3App.course", "pk": 14, "fields": {"title": "Project Management", "topic": 2, "price": "149.99", "for_everyone": true, "description": "", "num_reviews": 1}}, {"model": "Lab3App.course", "pk": 15, "fields": {"title": "Sports Psychology", "topic": 4, "price": "157.49", "for_everyone": true, "description": "", "num_reviews": 0}}, {"model": "Lab3App.course", "pk": 16, "fields": {"title": "Introduction to Soccer", "topic": 4, "price": "121.49", "for_everyone": true, "description": "", "num_reviews": 0}}, {"model": "Lab3App.course", "pk": 17, "fields": {"title": "Swimming guide for beginners", "topic": 4, "price": "99.99", "for_everyone": true, "description": "", "num_reviews": 0}},
  {"model": "Lab3App.review", "pk": 4, "fields": {"reviewer": "chris@gmail.com", "course": 1, "rating": 4, "comments": "", "date": "2020-11-21"}}, {"model": "Lab3App.review", "pk": 5, "fields": {"reviewer": "chris@gmail.com", "course": 1, "rating": 4, "comments": "", "date": "2020-11-21"}}, {"model": "Lab3App.review", "pk": 6, "fields": {"reviewer": "chris@gmail.com", "course": 1, "rating": 2, "comments": "", "date": "2020-11-21"}}, {"model": "Lab3App.review", "pk": 8, "fields": {"reviewer": "josh@gmail.com", "course": 4, "rating": 5, "comments": "best course", "date": "2020-11-22"}}, {"model": "Lab3App.review", "pk": 9, "fields": {"reviewer": "chris@gmail.com", "course": 7, "rating": 10, "comments": "", "date": "2020-11-22"}}, {"model": "Lab3App.review", "pk": 10, "fields": {"reviewer": "josh@gmail.com", "course": 3, "rating": 5, "comments": "Good book", "date": "2020-11-22"}}, {"model": "Lab3App.review", "pk": 11, "fields": {"reviewer": "josh@gmail.com", "course": 4, "rating": 5, "comments": "", "date": "2020-11-22"}}, {"model": "Lab3App.review", "pk": 12, "fields": {"reviewer": "chris@gmail.com", "course": 13, "rating": 4, "comments": "", "date": "2020-11-22"}}, {"model": "Lab3App.review", "pk": 13, "fields": {"reviewer": "josh@gmail.com", "course": 14, "rating": 4, "comments": "", "date": "2020-11-22"}}, {"model": "Lab3App.review", "pk": 15, "fields": {"reviewer": "josh@gmail.com", "course": 4, "rating": 4, "comments": "good course", "date": "2020-11-25"}}
]